URL,last_updated_time
https://LinchenZhang@bitbucket.org/aeaverification/aej-applied-10.1257-app.5.3.1.git,2018-09-26T03:07:23.407649+00:00
https://LinchenZhang@bitbucket.org/aeaverification/aej-applied-10.1257-app.6.2.152.git,2018-09-12T21:29:57.968938+00:00
https://LinchenZhang@bitbucket.org/aeaverification/aej-applied-10.1257-app.5.3.1-nwl27.git,2018-09-12T22:12:50.958261+00:00
https://LinchenZhang@bitbucket.org/aeaverification/aej-applied-10.1257-app.5.3.1-ebr63.git,2018-09-12T22:14:55.564475+00:00
https://LinchenZhang@bitbucket.org/aeaverification/aej-applied-10.1257-app.5.3.1-nbs52.git,2018-09-12T22:18:59.529765+00:00
https://LinchenZhang@bitbucket.org/aeaverification/aej-applied-10.1257-app.5.3.1-fs379.git,2018-09-12T22:12:27.327508+00:00
https://LinchenZhang@bitbucket.org/aeaverification/aej-applied-10.1257-app.5.3.1-gab99.git,2018-09-12T21:55:35.743578+00:00
https://LinchenZhang@bitbucket.org/aeaverification/aej-applied-10.1257-app.5.3.1-jjp282.git,2018-09-21T20:21:23.027488+00:00
https://LinchenZhang@bitbucket.org/aeaverification/aej-applied-10.1257-app.5.3.1-ap676.git,2018-09-12T22:09:39.188546+00:00
https://LinchenZhang@bitbucket.org/aeaverification/aej-applied-10.1257-app.6.2.152-skm228.git,2018-09-26T04:39:25.977808+00:00
https://LinchenZhang@bitbucket.org/aeaverification/aej-applied-10.1257-app.5.3.1-jt699.git,2018-10-01T22:28:23.143217+00:00
https://LinchenZhang@bitbucket.org/aeaverification/aej-applied-10.1257-app.5.3.1-xs232.git,2018-09-12T21:46:06.386246+00:00
https://LinchenZhang@bitbucket.org/aeaverification/aej-macro-10.1257-mac.20130326.git,2018-09-26T22:25:30.855858+00:00
https://LinchenZhang@bitbucket.org/aeaverification/aej-macro-10.1257-mac.20150179.git,2018-10-24T17:56:10.994962+00:00
https://LinchenZhang@bitbucket.org/aeaverification/aej-applied-10.1257-app.2.2.179.git,2018-09-19T04:56:07.155692+00:00
https://LinchenZhang@bitbucket.org/aeaverification/10.1257-aer.104.12.4231-lv39.git,2018-09-25T21:04:44.530554+00:00
https://LinchenZhang@bitbucket.org/aeaverification/aej-applied-10.1257-app.2.2.179-xs232.git,2018-10-03T22:31:04.222595+00:00
https://LinchenZhang@bitbucket.org/aeaverification/aej-applied-10.1257-app.2.2.179-jt699.git,2018-10-01T22:30:38.679054+00:00
https://LinchenZhang@bitbucket.org/aeaverification/aej-applied-10.1257-app.2.2.179-skm228.git,2018-10-03T13:55:06.601091+00:00
https://LinchenZhang@bitbucket.org/aeaverification/aej-macro-10.1257-mac.6.3.153.git,2018-10-17T22:35:15.774184+00:00
https://LinchenZhang@bitbucket.org/aeaverification/aej-macro-mac.6.4.246.git,2018-10-03T21:37:03.292376+00:00
https://LinchenZhang@bitbucket.org/aeaverification/aej-macro-10.1257-mac.5.1.49.git,2018-10-24T00:44:03.642333+00:00
https://LinchenZhang@bitbucket.org/aeaverification/aej-macro-10.1257-mac.6.1.70.git,2018-10-24T22:32:32.016577+00:00
https://LinchenZhang@bitbucket.org/aeaverification/aej-macro-10.1257-mac.5.2.118.git,2018-10-24T22:41:45.575814+00:00
https://LinchenZhang@bitbucket.org/aeaverification/aej-macro-10.1257-mac.4.1.69.git,2019-05-09T23:53:36.632913+00:00
https://LinchenZhang@bitbucket.org/aeaverification/aej-macro-10.1257-mac.5.4.205.git,2018-10-14T14:43:25.644598+00:00
https://LinchenZhang@bitbucket.org/aeaverification/aej-macro-10.1257-mac.6.4.107.git,2018-10-17T22:10:22.621140+00:00
https://LinchenZhang@bitbucket.org/aeaverification/aej-macro-10.1257-mac.6.4.209.git,2018-10-21T03:56:36.501141+00:00
https://LinchenZhang@bitbucket.org/aeaverification/aej-macro-10.1257-mac.5.4.141.git,2018-10-29T21:35:04.970476+00:00
https://LinchenZhang@bitbucket.org/aeaverification/aej-macro-10.1257-mac.5.1.135.git,2018-11-03T21:27:11.576597+00:00
https://LinchenZhang@bitbucket.org/aeaverification/aej-macro-10.1257-mac.5.4.1.git,2018-11-07T19:26:59.913721+00:00
https://LinchenZhang@bitbucket.org/aeaverification/aej-macro-10.1257-mac.20150216.git,2018-10-18T02:55:45.009984+00:00
https://LinchenZhang@bitbucket.org/aeaverification/aej-macro-10.1257-mac.20140097.git,2018-11-07T23:15:46.891855+00:00
https://LinchenZhang@bitbucket.org/aeaverification/aej-macro-10.1257-mac.4.2.133.git,2018-10-21T22:16:03.736273+00:00
https://LinchenZhang@bitbucket.org/aeaverification/aej-macro-10.1257-mac.5.2.217.git,2019-01-23T22:24:55.755220+00:00
https://LinchenZhang@bitbucket.org/aeaverification/aej-macro-10.1257-mac.5.3.75.git,2018-10-24T00:19:05.694633+00:00
https://LinchenZhang@bitbucket.org/aeaverification/aej-macro-10.1257-mac.5.1.81.git,2018-11-04T00:01:33.920898+00:00
https://LinchenZhang@bitbucket.org/aeaverification/aej-macro-10.1257-mac.5.4.179.git,2018-10-24T19:24:53.977698+00:00
https://LinchenZhang@bitbucket.org/aeaverification/aej-macro-10.1257-mac.5.1.193.git,2018-10-24T21:07:35.199019+00:00
https://LinchenZhang@bitbucket.org/aeaverification/aej-macro-10.1257-mac.5.3.190.git,2018-11-07T20:02:26.065778+00:00
https://LinchenZhang@bitbucket.org/aeaverification/aej-macro-10.1257-mac.5.4.107.git,2018-11-07T04:27:26.800167+00:00
https://LinchenZhang@bitbucket.org/aeaverification/aej-macro-10.1257-mac.5.4.68.git,2018-11-12T18:15:28.813450+00:00
https://LinchenZhang@bitbucket.org/aeaverification/aej-macro-10.1257-mac.4.3.66.git,2018-11-10T18:49:45.886424+00:00
https://LinchenZhang@bitbucket.org/aeaverification/aej-macro-10.1257-mac.4.2.1.git,2018-11-03T23:36:55.968157+00:00
https://LinchenZhang@bitbucket.org/aeaverification/aej-macro-10.1257-mac.5.1.102.git,2018-11-07T20:47:45.629915+00:00
https://LinchenZhang@bitbucket.org/aeaverification/aej-macro-10.1257-mac.20130322.git,2018-11-07T23:24:53.982838+00:00
https://LinchenZhang@bitbucket.org/aeaverification/aej-macro-10.1257-mac.6.4.84.git,2018-11-22T04:50:14.858013+00:00
https://LinchenZhang@bitbucket.org/aeaverification/aej-macro-10.1257-mac.6.4.291.git,2018-11-22T04:48:21.291973+00:00
https://LinchenZhang@bitbucket.org/aeaverification/aej-macro-10.1257-mac.6.1.32.git,2018-11-22T04:42:57.593935+00:00
https://LinchenZhang@bitbucket.org/aeaverification/aej-macro-10.1257-mac.5.3.35.git,2018-11-22T04:39:25.514695+00:00
https://LinchenZhang@bitbucket.org/aeaverification/aej-macro-10.1257-mac.5.2.1.git,2018-11-22T04:36:14.898811+00:00
https://LinchenZhang@bitbucket.org/aeaverification/aej-macro-10.1257-mac.5.1.1.git,2018-11-22T04:20:54.927314+00:00
https://LinchenZhang@bitbucket.org/aeaverification/aej-macro-10.1257-mac.5.2.187.git,2018-11-22T03:28:38.820060+00:00
https://LinchenZhang@bitbucket.org/aeaverification/aej-macro-10.1257-mac.4.1.22.git,2018-11-09T19:05:00.393226+00:00
https://LinchenZhang@bitbucket.org/aeaverification/aej-macro-10.1257-mac.5.3.1.git,2018-11-28T22:15:23.564221+00:00
https://LinchenZhang@bitbucket.org/aeaverification/aej-macro-10.1257-mac.4.4.126.git,2018-11-10T22:29:54.846993+00:00
https://LinchenZhang@bitbucket.org/aeaverification/aej-macro-10.1257-mac.4.2.184.git,2018-11-12T00:22:53.237826+00:00
https://LinchenZhang@bitbucket.org/aeaverification/aej-macro-10.1257-mac.4.1.144.git,2018-11-14T04:10:11.737633+00:00
https://LinchenZhang@bitbucket.org/aeaverification/aej-macro-10.1257-mac.4.3.128.git,2018-12-20T22:58:39.168060+00:00
https://LinchenZhang@bitbucket.org/aeaverification/aej-macro-10.1257-mac.4.1.226.git,2018-11-14T22:43:23.134148+00:00
https://LinchenZhang@bitbucket.org/aeaverification/aej-macro-10.1257-mac.6.1.190.git,2018-11-29T02:13:36.104790+00:00
https://LinchenZhang@bitbucket.org/aeaverification/aej-macro-10.1257-mac.4.2.65.git,2019-05-22T19:04:45.265590+00:00
https://LinchenZhang@bitbucket.org/aeaverification/aej-macro-10.1257-mac.4.2.153.git,2018-11-22T03:25:43.740200+00:00
https://LinchenZhang@bitbucket.org/aeaverification/aej-macro-10.1257-mac.4.4.36.git,2018-11-28T02:15:33.837597+00:00
https://LinchenZhang@bitbucket.org/aeaverification/aej-macro-10.1257-mac.4.1.105.git,2018-11-22T06:15:50.745795+00:00
https://LinchenZhang@bitbucket.org/aeaverification/aej-macro-10.1257-mac.4.3.33.git,2019-01-21T23:06:28.495004+00:00
https://LinchenZhang@bitbucket.org/aeaverification/aej-macro-10.1257-mac.4.4.56.git,2018-11-22T22:46:40.933167+00:00
https://LinchenZhang@bitbucket.org/aeaverification/aej-macro-10.1257-mac.4.3.153.git,2018-11-22T22:48:14.429535+00:00
https://LinchenZhang@bitbucket.org/aeaverification/aej-macro-10.1257-mac.4.2.218.git,2018-12-05T19:38:24.044525+00:00
https://LinchenZhang@bitbucket.org/aeaverification/aej-macro-10.1257-mac.4.4.1.git,2018-11-28T03:54:28.921677+00:00
https://LinchenZhang@bitbucket.org/aeaverification/aej-macro-10.1257-mac.4.2.102.git,2018-11-28T21:21:19.503825+00:00
https://LinchenZhang@bitbucket.org/aeaverification/aej-macro-10.1257-mac.5.2.72.git,2018-11-28T22:39:17.639653+00:00
https://LinchenZhang@bitbucket.org/aeaverification/aej-macro-10.1257-mac.4.4.68.git,2018-12-03T02:43:05.433047+00:00
https://LinchenZhang@bitbucket.org/aeaverification/aej-macro-10.1257-mac.4.4.94.git,2018-12-03T03:29:23.306183+00:00
https://LinchenZhang@bitbucket.org/aeaverification/aej-micro-10.1257-mic.20130080.git,2018-12-05T23:03:15.031287+00:00
https://LinchenZhang@bitbucket.org/aeaverification/aej-policy-2.git,2019-02-26T16:13:10.132194+00:00
https://LinchenZhang@bitbucket.org/aeaverification/aej-macro-10.1257-mac.20120257.git,2018-12-26T00:31:41.558146+00:00
https://LinchenZhang@bitbucket.org/aeaverification/aej-micro-10.1257-mic.20130163.git,2019-01-03T03:00:00.702427+00:00
https://LinchenZhang@bitbucket.org/aeaverification/aej-macro-10.1257-mac.20130234.git,2018-12-26T19:55:29.787629+00:00
https://LinchenZhang@bitbucket.org/aeaverification/aej-macro-10.1257-mac.4.4.163.git,2018-12-29T22:34:36.775896+00:00
https://LinchenZhang@bitbucket.org/aeaverification/aej-applied-10.1257-app.20160597.git,2019-01-06T01:35:19.181463+00:00
https://LinchenZhang@bitbucket.org/aeaverification/aej-macro-10.1257-mac.20140033.git,2019-01-08T23:26:09.111413+00:00
https://LinchenZhang@bitbucket.org/aeaverification/aej-micro-10.1257-mic.20130118.git,2019-01-08T20:08:49.476543+00:00
https://LinchenZhang@bitbucket.org/aeaverification/aej-micro-10.1257-mic.20140252.git,2019-01-08T20:36:19.676412+00:00
https://LinchenZhang@bitbucket.org/aeaverification/aej-micro-10.1257-mic.20110106.git,2019-01-08T21:10:18.077598+00:00
https://LinchenZhang@bitbucket.org/aeaverification/aej-micro-10.1257-mic.20110077.git,2019-01-08T23:55:57.726995+00:00
https://LinchenZhang@bitbucket.org/aeaverification/aej-micro-10.1257-mic.20130098.git,2019-01-09T00:20:47.089228+00:00
https://LinchenZhang@bitbucket.org/aeaverification/aej-micro-10.1257-mic.20130150.git,2019-01-10T20:46:41.349009+00:00
https://LinchenZhang@bitbucket.org/aeaverification/aej-micro-10.1257-mic.20120109.git,2019-01-10T21:29:10.708719+00:00
https://LinchenZhang@bitbucket.org/aeaverification/aej-micro-10.1257-mic.20130067.git,2019-01-10T22:39:12.418703+00:00
https://LinchenZhang@bitbucket.org/aeaverification/aej-policy-5.git,2019-02-25T00:43:17.711027+00:00
https://LinchenZhang@bitbucket.org/aeaverification/aej-micro-10.1257-mic.20130234.git,2019-01-16T19:35:23.820616+00:00
https://LinchenZhang@bitbucket.org/aeaverification/aearep-2.git,2019-06-25T01:45:09.680026+00:00
https://LinchenZhang@bitbucket.org/aeaverification/aej-macro-10.1257-app.6.2.152-reh279.git,2019-01-24T22:11:50.263667+00:00
https://LinchenZhang@bitbucket.org/aeaverification/aej-macro-10.1257-mac.20150153.git,2019-01-23T19:42:40.713927+00:00
https://LinchenZhang@bitbucket.org/aeaverification/aej-macro-10.1257-app.6.2.152-mk2472.git,2019-01-22T03:29:26.777563+00:00
https://LinchenZhang@bitbucket.org/aeaverification/aej-micro-10.1257-mic.20130277.git,2019-01-23T16:33:25.256889+00:00
https://LinchenZhang@bitbucket.org/aeaverification/aej-macro-10.1257-mac.20150153-atp44.git,2019-01-30T21:37:57.549479+00:00
https://LinchenZhang@bitbucket.org/aeaverification/aej-micro-10.1257-mic.20120032.git,2019-01-23T19:19:25.549487+00:00
https://LinchenZhang@bitbucket.org/aeaverification/aej-micro-10.1257-mic.20140054.git,2019-01-23T19:31:22.123749+00:00
https://LinchenZhang@bitbucket.org/aeaverification/aej-micro-10.1257-mic.20140031.git,2019-01-23T19:41:04.354748+00:00
https://LinchenZhang@bitbucket.org/aeaverification/aej-macro-10.1257-mac.20150153-jsk375.git,2019-01-29T02:24:54.101709+00:00
https://LinchenZhang@bitbucket.org/aeaverification/aej-micro-10.1257-mic.20130164.git,2019-01-23T23:01:23.737919+00:00
https://LinchenZhang@bitbucket.org/aeaverification/aej-macro-10.1257-app.6.2.152-xs279.git,2019-02-07T00:40:24.894091+00:00
https://LinchenZhang@bitbucket.org/aeaverification/aej-micro-10.1257-mic.6.3.256-jsk375.git,2019-02-04T15:32:04.509086+00:00
https://LinchenZhang@bitbucket.org/aeaverification/aej-micro-10.1257-mic.6.4.106-reh279.git,2019-02-04T19:44:15.942155+00:00
https://LinchenZhang@bitbucket.org/aeaverification/aej-micro-10.1257-mic.6.1.290-jsk375.git,2019-02-15T18:59:35.575315+00:00
https://LinchenZhang@bitbucket.org/aeaverification/aej-micro-10.1257-mic.6.4.407-reh279.git,2019-02-17T16:30:34.610268+00:00
https://LinchenZhang@bitbucket.org/aeaverification/aej-micro-10.1257-mic.6.4.138-reh279.git,2019-02-04T23:00:29.267572+00:00
https://LinchenZhang@bitbucket.org/aeaverification/aej-micro-10.1257-mic.6.2.93-reh279.git,2019-02-05T21:52:16.169585+00:00
https://LinchenZhang@bitbucket.org/aeaverification/aej-micro-10.1257-mic.6.3.136.git,2019-04-03T18:33:48.471715+00:00
https://LinchenZhang@bitbucket.org/aeaverification/aej-applied-10.1257-app.5.2.122-xs279.git,2019-05-18T16:32:00.113801+00:00
https://LinchenZhang@bitbucket.org/aeaverification/aej-micro-10.1257-mic.6.4.180-reh279.git,2019-02-08T03:16:17.808211+00:00
https://LinchenZhang@bitbucket.org/aeaverification/aej-micro-10.1257-mic.20120085-reh279.git,2019-02-10T16:29:46.034640+00:00
https://LinchenZhang@bitbucket.org/aeaverification/aej-applied-10.1257-app.20160079-jsk375.git,2019-02-14T00:05:36.784235+00:00
https://LinchenZhang@bitbucket.org/aeaverification/aej-applied-10.1257-app.5.2.200.git,2019-02-13T17:47:52.025259+00:00
https://LinchenZhang@bitbucket.org/aeaverification/aej-app-10.1257-app.20151159-xs279.git,2019-02-20T18:15:19.049681+00:00
https://LinchenZhang@bitbucket.org/aeaverification/aej-macro-10.1257-app.20120155-xs279.git,2019-02-13T20:36:45.914830+00:00
https://LinchenZhang@bitbucket.org/aeaverification/aej-micro-10.1257-mic.20130139.git,2019-02-13T20:59:48.903784+00:00
https://LinchenZhang@bitbucket.org/aeaverification/aej-applied-10.1257-app.5.4.241.git,2019-02-27T17:06:16.892413+00:00
https://LinchenZhang@bitbucket.org/aeaverification/aej-micro-10.1257-mic.20130089.git,2019-02-13T21:31:18.963280+00:00
https://LinchenZhang@bitbucket.org/aeaverification/aej-micro-10.1257-mic.6.3.157.git,2019-02-13T21:46:12.426201+00:00
https://LinchenZhang@bitbucket.org/aeaverification/aej-micro-10.1257-mic.6.2.247.git,2019-02-13T22:31:20.017689+00:00
https://LinchenZhang@bitbucket.org/aeaverification/aej-applied-10.1257-app.5.2.151.git,2019-02-22T18:55:48.731890+00:00
https://LinchenZhang@bitbucket.org/aeaverification/aej-micro-10.1257-mic.6.3.35.git,2019-02-17T00:18:59.101139+00:00
https://LinchenZhang@bitbucket.org/aeaverification/aej-micro-10.1257-mic.6.4.35-reh279.git,2019-02-17T16:45:51.269492+00:00
https://LinchenZhang@bitbucket.org/aeaverification/aej-micro-10.1257-mic.6.2.1-reh279.git,2019-02-18T04:29:16.304618+00:00
https://LinchenZhang@bitbucket.org/aeaverification/aej-micro-10.1257-mic.6.3.203.git,2019-02-20T00:27:39.339465+00:00
https://LinchenZhang@bitbucket.org/aeaverification/aej-applied-10.1257-app.20150149.git,2019-02-20T21:38:59.399348+00:00
https://LinchenZhang@bitbucket.org/aeaverification/aej-macro-10.1257-mac.20130028-xs279.git,2019-02-20T20:35:50.769803+00:00
https://LinchenZhang@bitbucket.org/aeaverification/aejpolicy-10.git,2019-05-11T21:57:20.832141+00:00
https://LinchenZhang@bitbucket.org/aeaverification/aej-micro-10.1257-mic.20130150-jsk375.git,2019-03-01T04:07:48.067510+00:00
https://LinchenZhang@bitbucket.org/aeaverification/aej-applied-10.1257-app.5.2.179.git,2019-02-24T07:46:33.663154+00:00
https://LinchenZhang@bitbucket.org/aeaverification/aej-micro-10.1257-mic.20160040-jsk375.git,2019-02-25T19:30:18.913564+00:00
https://LinchenZhang@bitbucket.org/aeaverification/aej-micro-10.1257-mic.20160218-atp44.git,2019-02-27T06:45:48.845689+00:00
https://LinchenZhang@bitbucket.org/aeaverification/aej-applied-10.1257-app.5.4.206.git,2019-03-06T17:25:14.526033+00:00
https://LinchenZhang@bitbucket.org/aeaverification/aej-micro-10.1257-mic.20130104-jsk375.git,2019-03-02T18:23:31.240489+00:00
https://LinchenZhang@bitbucket.org/aeaverification/aej-applied-10.1257-app.-5.3.1.git,2019-02-27T20:46:15.850874+00:00
https://LinchenZhang@bitbucket.org/aeaverification/aej-applied-10.1257-app.5.3.91.git,2019-02-27T21:32:48.164189+00:00
https://LinchenZhang@bitbucket.org/aeaverification/aej-applied-app.10.1257-app.5.3.189-xs279.git,2019-05-21T21:02:59.847799+00:00
https://LinchenZhang@bitbucket.org/aeaverification/aer-20151310.git,2019-03-13T01:23:54.176356+00:00
https://LinchenZhang@bitbucket.org/aeaverification/aej-applied-10.1257-app.20140073-reh279.git,2019-03-26T11:19:21.154383+00:00
https://LinchenZhang@bitbucket.org/aeaverification/aej-macro-10.1257-mac.6.1.32-jsk375.git,2019-03-17T17:55:38.615069+00:00
https://LinchenZhang@bitbucket.org/aeaverification/aej-applied-19.1257-app.5.3.1-xs279.git,2019-03-04T20:51:09.546408+00:00
https://LinchenZhang@bitbucket.org/aeaverification/aej-applied-10.1257-app.20150023-jsk375.git,2019-03-12T19:16:37.348966+00:00
https://LinchenZhang@bitbucket.org/aeaverification/aej-applied-10.1257-app.5.3.63.git,2019-03-27T17:22:27.814263+00:00
https://LinchenZhang@bitbucket.org/aeaverification/aej-policy-10.1257-pol.20140093-jsk375.git,2019-03-24T17:26:56.495669+00:00
https://LinchenZhang@bitbucket.org/aeaverification/aej-policy-10.1257-pol.20160570.git,2019-03-27T17:57:33.483958+00:00
https://LinchenZhang@bitbucket.org/aeaverification/aej-micro-10.1257-mic.20130126-atp44.git,2019-03-13T03:13:48.519026+00:00
https://LinchenZhang@bitbucket.org/aeaverification/aej-app-10.1257-pol-20150362-xs279.git,2019-03-13T18:58:25.364476+00:00
https://LinchenZhang@bitbucket.org/aeaverification/aej-applied-10.1257-app.20160626.git,2019-03-13T05:53:56.285783+00:00
https://LinchenZhang@bitbucket.org/aeaverification/aej-policy-10.1257-pol.20150498.git,2019-03-13T19:28:08.494251+00:00
https://LinchenZhang@bitbucket.org/aeaverification/aej-policy-10.1257-pol.20170019.git,2019-03-14T01:29:34.264195+00:00
https://LinchenZhang@bitbucket.org/aeaverification/aej-policy-10.1257-pol.20160038-reh279.git,2019-04-01T15:26:56.238787+00:00
https://LinchenZhang@bitbucket.org/aeaverification/aej-policy-10.1257-pol.20140065-reh279.git,2019-03-16T11:24:45.132472+00:00
https://LinchenZhang@bitbucket.org/aeaverification/aej-pol-10.1257-pol.20140296-reh279.git,2019-03-16T16:58:12.867401+00:00
https://LinchenZhang@bitbucket.org/aeaverification/aej-pol-10.1257-pol.20170012-reh279.git,2019-03-18T18:21:16.749421+00:00
https://LinchenZhang@bitbucket.org/aeaverification/aej-pol-10.1257-pol.20170082-reh729.git,2019-03-23T09:41:23.573702+00:00
https://LinchenZhang@bitbucket.org/aeaverification/aej-applied-10.1257-app.20170286-jsk375.git,2019-04-09T04:00:25.739994+00:00
https://LinchenZhang@bitbucket.org/aeaverification/aej-pol-10.1257-pol.20140483-reh279.git,2019-03-26T18:56:58.602714+00:00
https://LinchenZhang@bitbucket.org/aeaverification/aej-policy-10.1257-pol.20150100-jsk375.git,2019-04-09T04:15:51.991082+00:00
https://LinchenZhang@bitbucket.org/aeaverification/aej-applied-10.1257-app.20170543.git,2019-03-20T21:23:05.172244+00:00
https://LinchenZhang@bitbucket.org/aeaverification/aej-app-10.1257-app-20160183-xs279.git,2019-03-20T18:08:59.428467+00:00
https://LinchenZhang@bitbucket.org/aeaverification/aej-policy-10.1257-pol.20140344.git,2019-04-09T18:03:14.231574+00:00
https://LinchenZhang@bitbucket.org/aeaverification/aej-applied-10.1257-app.20170042.git,2019-04-09T04:25:51.985098+00:00
https://LinchenZhang@bitbucket.org/aeaverification/aej-micro-10.1257-mic.20140147-atp44.git,2019-03-26T22:55:13.815304+00:00
https://LinchenZhang@bitbucket.org/aeaverification/aej-micro-10.1257-mic.6.2.1.git,2019-05-01T19:25:13.107669+00:00
https://LinchenZhang@bitbucket.org/aeaverification/aej-policy-10.1257-pol.20160462.git,2019-04-09T20:12:17.388425+00:00
https://LinchenZhang@bitbucket.org/aeaverification/aej-pol10.1257-pol.20150426.git,2019-04-03T03:36:36.905090+00:00
https://LinchenZhang@bitbucket.org/aeaverification/aejpolicy-15.git,2019-04-01T14:43:19.360227+00:00
https://LinchenZhang@bitbucket.org/aeaverification/aej-pol-10.1257-pol.20150478.git,2019-04-04T21:22:03.619779+00:00
https://LinchenZhang@bitbucket.org/aeaverification/aejpolicy-14.git,2019-04-03T19:05:29.227325+00:00
https://LinchenZhang@bitbucket.org/aeaverification/aej-macro-10.1257-mac.20160120.git,2019-04-05T18:37:27.237671+00:00
https://LinchenZhang@bitbucket.org/aeaverification/aearep-21.git,2019-04-15T14:31:13.840217+00:00
https://LinchenZhang@bitbucket.org/aeaverification/aej-policy-10.1257-pol.20150388.git,2019-04-18T17:10:34.922669+00:00
https://LinchenZhang@bitbucket.org/aeaverification/aej-app-10.1257-app.20170497.git,2019-04-08T22:10:30.411135+00:00
https://LinchenZhang@bitbucket.org/aeaverification/aej-pol-10.1257-pol.20150511.git,2019-04-16T20:25:52.828363+00:00
https://LinchenZhang@bitbucket.org/aeaverification/aej-pol-10.1257-pol.20150551.git,2019-04-08T21:01:33.129245+00:00
https://LinchenZhang@bitbucket.org/aeaverification/aej-micro-10.1257-mic.6.4.35.git,2019-05-29T19:02:08.207616+00:00
https://LinchenZhang@bitbucket.org/aeaverification/aej-policy-10.1257-pol.20150066.git,2019-04-20T21:03:03.556589+00:00
https://LinchenZhang@bitbucket.org/aeaverification/aej-policy-10.1257-pol.20150578.git,2019-04-14T21:46:43.887729+00:00
https://LinchenZhang@bitbucket.org/aeaverification/aej-macro-10.1257-mac.20160327.git,2019-05-29T20:31:52.487392+00:00
https://LinchenZhang@bitbucket.org/aeaverification/aej-pol-10.1257-pol.20130315.git,2019-04-11T19:44:22.484581+00:00
https://LinchenZhang@bitbucket.org/aeaverification/aej-app-10.1257-app.20170670.git,2019-04-12T16:18:04.353536+00:00
https://LinchenZhang@bitbucket.org/aeaverification/aej-pol-10.1257-pol.20150299-xs279.git,2019-04-13T20:49:12.977826+00:00
https://LinchenZhang@bitbucket.org/aeaverification/aej-macro-10.1257-mac.20160400.git,2019-04-16T03:22:12.535187+00:00
https://LinchenZhang@bitbucket.org/aeaverification/aej-applied-10.1257-app.20170173.git,2019-04-25T14:31:36.475216+00:00
https://LinchenZhang@bitbucket.org/aeaverification/aej-pol-10.1257-pol.20150154.git,2019-04-16T17:54:56.153170+00:00
https://LinchenZhang@bitbucket.org/aeaverification/aej-app-10.1257-app.20160556.git,2019-04-21T04:51:07.550849+00:00
https://LinchenZhang@bitbucket.org/aeaverification/aej-app-10.1257-app.20161083-xs279.git,2019-04-24T18:23:34.647542+00:00
https://LinchenZhang@bitbucket.org/aeaverification/aej-policy-10.1257-pol.20150261.git,2019-04-27T19:07:29.476653+00:00
https://LinchenZhang@bitbucket.org/aeaverification/aej-pol-10.1257-pol.20140391.git,2019-04-30T18:36:43.455681+00:00
https://LinchenZhang@bitbucket.org/aeaverification/aej-pol-10.1257-pol.20150029.git,2019-04-21T21:19:57.964027+00:00
https://LinchenZhang@bitbucket.org/aeaverification/aej-pol-10.1257-pol.20130351.git,2019-04-22T23:37:53.388059+00:00
https://LinchenZhang@bitbucket.org/aeaverification/aej-pol-10.1257-pol.20130358.git,2019-04-30T01:38:32.468602+00:00
https://LinchenZhang@bitbucket.org/aeaverification/aej-pol-10.1257-pol.20140211-atp44.git,2019-05-24T08:10:37.222557+00:00
https://LinchenZhang@bitbucket.org/aeaverification/aejpolicy-17.git,2019-05-03T23:59:19.880020+00:00
https://LinchenZhang@bitbucket.org/aeaverification/aej-pol-10.1257-pol.20150414-xs279.git,2019-04-24T18:20:45.640603+00:00
https://LinchenZhang@bitbucket.org/aeaverification/aej-pol-10.1257-pol.20170151-xs279.git,2019-04-24T19:11:35.041420+00:00
https://LinchenZhang@bitbucket.org/aeaverification/aej-pol-10.1257-pol.20160027.git,2019-04-26T19:42:08.768460+00:00
https://LinchenZhang@bitbucket.org/aeaverification/aej-app-10.1257-10.1257-app.20170163.git,2019-04-28T15:15:31.127665+00:00
https://LinchenZhang@bitbucket.org/aeaverification/aej-pol-10.1257-pol.20140334.git,2019-04-28T15:47:16.882114+00:00
https://LinchenZhang@bitbucket.org/aeaverification/aej-app-10.1257-app.20160056.git,2019-04-28T16:09:56.240461+00:00
https://LinchenZhang@bitbucket.org/aeaverification/aej-app-10.1257-app.20160426.git,2019-04-29T17:25:10.560616+00:00
https://LinchenZhang@bitbucket.org/aeaverification/aejpolicy-13.git,2019-06-09T18:04:27.285372+00:00
https://LinchenZhang@bitbucket.org/aeaverification/aej-policy-10.1257-pol.20130429.git,2019-05-09T17:01:47.724989+00:00
https://LinchenZhang@bitbucket.org/aeaverification/aej-pol-10.1257-pol.20140062.git,2019-05-05T20:21:54.773936+00:00
https://LinchenZhang@bitbucket.org/aeaverification/aej-policy-10.1257-pol.20170067.git,2019-05-09T17:53:12.322931+00:00
https://LinchenZhang@bitbucket.org/aeaverification/aej-mic-10.1257-mic.20170271.git,2019-05-01T18:41:48.690019+00:00
https://LinchenZhang@bitbucket.org/aeaverification/aej-mic-10.1257-mic.20160252.git,2019-05-01T20:45:53.720758+00:00
https://LinchenZhang@bitbucket.org/aeaverification/aej-mac-10.1257-mac.20140181.git,2019-05-01T21:37:52.317939+00:00
https://LinchenZhang@bitbucket.org/aeaverification/aej-mic-10.1257-mic.20160125.git,2019-05-06T00:07:42.826358+00:00
https://LinchenZhang@bitbucket.org/aeaverification/aej-mic-10.1257-mic.20170119.git,2019-05-06T15:44:36.509914+00:00
https://LinchenZhang@bitbucket.org/aeaverification/aej-app-10.1257-app.20160547.git,2019-05-06T21:40:41.578466+00:00
https://LinchenZhang@bitbucket.org/aeaverification/aej-pol-10.1257-pol.20150437.git,2019-05-06T20:39:42.202687+00:00
https://LinchenZhang@bitbucket.org/aeaverification/aej-pol-10.1257-pol.20150588.git,2019-05-06T23:03:34.254852+00:00
https://LinchenZhang@bitbucket.org/aeaverification/aej-pol-10.1257-pol.20150525.git,2019-05-07T18:45:39.507914+00:00
https://LinchenZhang@bitbucket.org/aeaverification/aej-policy-10.1257-pol.20160240.git,2019-05-09T20:14:09.905652+00:00
https://LinchenZhang@bitbucket.org/aeaverification/aej-pol-10.1257-pol.20160600.git,2019-05-12T20:39:22.668564+00:00
https://LinchenZhang@bitbucket.org/aeaverification/aej-pol-10.1257-pol.20140371.git,2019-05-09T21:54:33.791907+00:00
https://LinchenZhang@bitbucket.org/aeaverification/aej-pol-10.1257-pol.20140258.git,2019-05-21T04:28:08.220286+00:00
https://LinchenZhang@bitbucket.org/aeaverification/aej-pol-10.1257-pol.20150394.git,2019-05-11T01:01:49.732161+00:00
https://LinchenZhang@bitbucket.org/aeaverification/aej-policy-10.1257-pol.20140271.git,2019-05-20T15:20:16.366679+00:00
https://LinchenZhang@bitbucket.org/aeaverification/aej-pol-10.1257-pol.20130025-xs279.git,2019-05-13T02:18:30.858331+00:00
https://LinchenZhang@bitbucket.org/aeaverification/aearep-23.git,2019-06-27T14:05:39.057651+00:00
https://LinchenZhang@bitbucket.org/aeaverification/aej-policy-10.1257-pol.20140215-atp44.git,2019-05-15T20:23:50.356065+00:00
https://LinchenZhang@bitbucket.org/aeaverification/aej-pol-10.1257-pol.20140188.git,2019-05-20T06:34:36.603754+00:00
https://LinchenZhang@bitbucket.org/aeaverification/aej-app-10.1257-app.20160618.git,2019-05-17T16:35:11.958136+00:00
https://LinchenZhang@bitbucket.org/aeaverification/aej-pol-10.1257-pol.20150085-xs279.git,2019-05-18T14:15:16.160338+00:00
https://LinchenZhang@bitbucket.org/aeaverification/aej-policy-10.1257-pol.20170329.git,2019-05-20T15:30:12.208617+00:00
https://LinchenZhang@bitbucket.org/aeaverification/aej-policy-10.1257-pol.20150290.git,2019-05-20T15:30:43.394237+00:00
https://LinchenZhang@bitbucket.org/aeaverification/aej-policy-10.1257-pol.20140215-ws395.git,2019-05-27T12:38:36.991324+00:00
https://LinchenZhang@bitbucket.org/aeaverification/aej-policy-10.1257-pol.20140215-css263.git,2019-05-17T16:57:27.916891+00:00
https://LinchenZhang@bitbucket.org/aeaverification/aej-policy-10.1257-pol.20140215-qg29.git,2019-05-26T10:27:34.435587+00:00
https://LinchenZhang@bitbucket.org/aeaverification/aej-10.1257-pol.20140215-ll677.git,2019-05-29T03:39:56.975788+00:00
https://LinchenZhang@bitbucket.org/aeaverification/aej-policy-10.1257-pol.20140215-lz266.git,2019-05-28T17:14:36.918912+00:00
https://LinchenZhang@bitbucket.org/aeaverification/aej-policy-10.1257-pol.20140215-lao44.git,2019-05-17T16:59:52.923805+00:00
https://LinchenZhang@bitbucket.org/aeaverification/aej-policy-10.1257-pol.20140215-ra536.git,2019-05-28T18:11:55.952566+00:00
https://LinchenZhang@bitbucket.org/aeaverification/aej-policy-10.1257-pol.20140215-zx88.git,2019-05-29T10:05:56.408585+00:00
https://LinchenZhang@bitbucket.org/aeaverification/aej-policy-10.1257-pol.20140215-saf257.git,2019-05-29T19:45:31.358095+00:00
https://LinchenZhang@bitbucket.org/aeaverification/aej-policy-10.1257-pol.20140215-wh324.git,2019-05-30T16:25:19.444176+00:00
https://LinchenZhang@bitbucket.org/aeaverification/aej-policy-10.1257-pol.20140215-nbs52.git,2019-05-29T18:09:04.335456+00:00
https://LinchenZhang@bitbucket.org/aeaverification/aej-policy-10.1257-pol.20170211.git,2019-05-17T21:52:13.294706+00:00
https://LinchenZhang@bitbucket.org/aeaverification/aej-micro-10.1257-mic.20160326.git,2019-05-17T21:58:57.152020+00:00
https://LinchenZhang@bitbucket.org/aeaverification/aej-policy-10.1257-pol.20150573.git,2019-05-17T22:09:39.399119+00:00
https://LinchenZhang@bitbucket.org/aeaverification/aej-policy-10.1257-pol.20170403.git,2019-05-17T22:15:57.954659+00:00
https://LinchenZhang@bitbucket.org/aeaverification/aej-policy-10.1257-pol.20150083.git,2019-05-17T22:19:52.875858+00:00
https://LinchenZhang@bitbucket.org/aeaverification/aej-policy-10.1257-pol.20140313.git,2019-05-17T22:26:22.608128+00:00
https://LinchenZhang@bitbucket.org/aeaverification/aej-policy-10.1257-pol.20150410.git,2019-05-17T22:30:57.279592+00:00
https://LinchenZhang@bitbucket.org/aeaverification/aej-policy-10.1257-pol.20130407.git,2019-05-17T22:36:49.208579+00:00
https://LinchenZhang@bitbucket.org/aeaverification/aej-policy-10.1257-pol.20160229.git,2019-05-17T22:44:50.464612+00:00
https://LinchenZhang@bitbucket.org/aeaverification/aej-app-10.1257-app.5.3.136-xs279.git,2019-05-18T17:41:32.826046+00:00
https://LinchenZhang@bitbucket.org/aeaverification/aej-app-10.1257-app.5.3.113.git,2019-05-18T18:22:54.167184+00:00
https://LinchenZhang@bitbucket.org/aeaverification/aejpoilcy-18.git,2019-06-05T00:53:22.616456+00:00
https://LinchenZhang@bitbucket.org/aeaverification/aejpolicy-6.git,2019-05-20T00:55:12.754181+00:00
https://LinchenZhang@bitbucket.org/aeaverification/aej-app-10.1257-app.5.3.170-xs279.git,2019-05-24T15:03:05.306679+00:00
https://LinchenZhang@bitbucket.org/aeaverification/aej-micro-10.1257-mic.20150295.git,2019-05-26T18:47:42.545978+00:00
https://LinchenZhang@bitbucket.org/aeaverification/aej-app-10.1257-app.5.3.211-xs279.git,2019-05-24T15:19:13.504509+00:00
https://LinchenZhang@bitbucket.org/aeaverification/aej-app-10.1257-app.5.3.27.git,2019-05-24T15:21:03.289823+00:00
https://LinchenZhang@bitbucket.org/aeaverification/aej-applied-10.1257-app.3.1.35-ra536.git,2019-05-29T17:22:29.482957+00:00
https://LinchenZhang@bitbucket.org/aeaverification/aej-micro-10.1257-mic.20140147.git,2019-05-28T01:36:39.203218+00:00
https://LinchenZhang@bitbucket.org/aeaverification/aej-app-10.1257-app.5.3.1-zx88.git,2019-05-28T23:01:10.283583+00:00
https://LinchenZhang@bitbucket.org/aeaverification/aej-applied-10.1257-app.3.1.35-css263.git,2019-06-03T21:32:10.531828+00:00
https://LinchenZhang@bitbucket.org/aeaverification/aej-applied-10.1257-app.4.2.98-nbs52.git,2019-05-29T17:25:23.826390+00:00
https://LinchenZhang@bitbucket.org/aeaverification/aej-applied-10.1257-app.20160510.git,2019-06-01T18:11:31.442502+00:00
https://LinchenZhang@bitbucket.org/aeaverification/aej-applied-10.1257-app.4.2.62-css263.git,2019-06-03T21:06:04.635644+00:00
https://LinchenZhang@bitbucket.org/aeaverification/aej-app-10.1257-app.2.2.179-zx88.git,2019-05-28T20:35:18.282781+00:00
https://LinchenZhang@bitbucket.org/aeaverification/aej-app-10.1257-app.5.3.189-zx88.git,2019-05-28T20:51:53.555538+00:00
https://LinchenZhang@bitbucket.org/aeaverification/aej-applied-10.1257-app.3.1.35-wh324.git,2019-06-04T21:33:55.279189+00:00
https://LinchenZhang@bitbucket.org/aeaverification/aej-applied-10.1257-app.4.2.62-ra536.git,2019-05-29T14:15:17.726788+00:00
https://LinchenZhang@bitbucket.org/aeaverification/aej-app-10.1257-app.5.4.92.git,2019-05-28T23:38:05.743551+00:00
https://LinchenZhang@bitbucket.org/aeaverification/aej-applied-10.1257-app.5.3.1-ll677.git,2019-06-01T04:27:21.203528+00:00
https://LinchenZhang@bitbucket.org/aeaverification/aej-applied-10.1257-app.5.4.92-zx88.git,2019-05-29T10:17:24.162161+00:00
https://LinchenZhang@bitbucket.org/aeaverification/aej-applied-10.1257-app.3.3.88-wh324.git,2019-06-11T19:11:18.367082+00:00
https://LinchenZhang@bitbucket.org/aeaverification/aej-app-10.1257-app.5.3.189-saf257.git,2019-05-29T20:37:21.345690+00:00
https://LinchenZhang@bitbucket.org/aeaverification/aej-applied-10.1257-app.4.1.1-ll677.git,2019-06-04T22:42:49.186696+00:00
https://LinchenZhang@bitbucket.org/aeaverification/aej-applied-10.1257-app.5.3.1-qg29.git,2019-06-12T09:39:22.851430+00:00
https://LinchenZhang@bitbucket.org/aeaverification/aej-applied-10.1257-app.3.3.88-ra536.git,2019-06-04T17:06:24.945271+00:00
https://LinchenZhang@bitbucket.org/aeaverification/aej-applied-10.1257-app.4.2.62-nbs52.git,2019-06-04T19:02:17.563099+00:00
https://LinchenZhang@bitbucket.org/aeaverification/aej-applied-10.1257-app.4.2.98.git,2019-06-03T19:44:15.571535+00:00
https://LinchenZhang@bitbucket.org/aeaverification/aej-policy-10.1257-pol.20140008.git,2019-06-16T20:47:37.948165+00:00
https://LinchenZhang@bitbucket.org/aeaverification/aej-applied-10.1257-app.5.4.92-css263.git,2019-06-04T15:22:41.784613+00:00
https://LinchenZhang@bitbucket.org/aeaverification/aej-applied-10.1257-app.4.2.62-ll677.git,2019-06-12T18:48:48.975688+00:00
https://LinchenZhang@bitbucket.org/aeaverification/aej-applied-10.1257-app.4.2.98-css263.git,2019-06-05T01:57:59.154554+00:00
https://LinchenZhang@bitbucket.org/aeaverification/aej-app-10.1257-app.4.2.98-saf257.git,2019-06-05T19:35:16.911581+00:00
https://LinchenZhang@bitbucket.org/aeaverification/aej-app-10.1257-app.3.3.88-saf257.git,2019-06-12T18:49:53.219547+00:00
https://LinchenZhang@bitbucket.org/aeaverification/aej-policy-10.1257-pol.20140296.git,2019-06-16T15:30:36.324420+00:00
https://LinchenZhang@bitbucket.org/aeaverification/aej-applied-10.1257-app.20170300.git,2019-06-17T17:24:20.285904+00:00
https://LinchenZhang@bitbucket.org/aeaverification/aearep-24.git,2019-06-11T18:43:32.732158+00:00
https://LinchenZhang@bitbucket.org/aeaverification/aej-policy-10.1257-pol.20150271.git,2019-06-12T05:20:29.755699+00:00
https://LinchenZhang@bitbucket.org/aeaverification/aej-policy-10.1257-pol.20150045.git,2019-06-12T13:42:33.230707+00:00
https://LinchenZhang@bitbucket.org/aeaverification/aej-macro-10.1257-mac.20170114.git,2019-06-26T00:26:15.448639+00:00
https://LinchenZhang@bitbucket.org/aeaverification/aej-macro-10.1257-mac.20170189.git,2019-06-28T21:37:14.064645+00:00
https://LinchenZhang@bitbucket.org/aeaverification/aearep-25.git,2019-06-18T08:04:22.725724+00:00
https://LinchenZhang@bitbucket.org/aeaverification/aej-policy-10.1257-pol.20120393.git,2019-06-12T18:02:42.275734+00:00
https://LinchenZhang@bitbucket.org/aeaverification/aej-policy-10.1257-pol.20170108.git,2019-06-12T20:23:33.453111+00:00
https://LinchenZhang@bitbucket.org/aeaverification/aej-micro-10.1257-mic.20150168.git,2019-06-13T18:14:22.642301+00:00
https://LinchenZhang@bitbucket.org/aeaverification/aej-app-10.1257-app.20150360.git,2019-06-19T13:21:00.847575+00:00
https://LinchenZhang@bitbucket.org/aeaverification/aej-policy-10.1257-pol.20150165.git,2019-06-14T18:48:40.627785+00:00
https://LinchenZhang@bitbucket.org/aeaverification/aej-policy-10.1257-pol.20170499.git,2019-06-21T14:46:58.471506+00:00
https://LinchenZhang@bitbucket.org/aeaverification/aej-policy-10.1257-pol.20150131.git,2019-06-18T18:43:56.178415+00:00
https://LinchenZhang@bitbucket.org/aeaverification/aej-policy-10.1257-pol.20150321.git,2019-06-19T02:41:43.834274+00:00
https://LinchenZhang@bitbucket.org/aeaverification/aej-policy-10.1257-pol.20170045.git,2019-06-18T19:20:23.127858+00:00
https://LinchenZhang@bitbucket.org/aeaverification/aej-policy-10.1257-pol.20170214.git,2019-06-17T20:20:05.049319+00:00
https://LinchenZhang@bitbucket.org/aeaverification/aej-applied-10.1257-app.20170299.git,2019-06-17T23:21:35.495187+00:00
https://LinchenZhang@bitbucket.org/aeaverification/aej-micro-10.1257-mic.20160046.git,2019-06-18T18:46:06.599498+00:00
https://LinchenZhang@bitbucket.org/aeaverification/aej-policy-10.1257-pol.20160132.git,2019-06-18T19:51:53.980450+00:00
https://LinchenZhang@bitbucket.org/aeaverification/aej-policy-10.1257-pol.20130426.git,2019-06-20T20:50:59.649649+00:00
https://LinchenZhang@bitbucket.org/aeaverification/aej-micro-10.1257-mic.20140254.git,2019-06-18T22:15:36.170652+00:00
https://LinchenZhang@bitbucket.org/aeaverification/aej-policy-10.1257-pol.20140404.git,2019-06-19T01:11:58.045940+00:00
https://LinchenZhang@bitbucket.org/aeaverification/aej-applied-10.1257-pol.20170214.git,2019-06-24T02:23:13.393424+00:00
https://LinchenZhang@bitbucket.org/aeaverification/aej-policy-10.1257-pol.20150374.git,2019-06-20T03:15:41.921358+00:00
https://LinchenZhang@bitbucket.org/aeaverification/aej-policy-10.1257-pol.20140048.git,2019-06-26T11:08:28.097134+00:00
https://LinchenZhang@bitbucket.org/aeaverification/aej-macro-10.1257-mac.20170402.git,2019-06-24T16:16:21.353921+00:00
https://LinchenZhang@bitbucket.org/aeaverification/aej-applied-10.2571-app.201602.git,2019-06-19T18:55:37.903733+00:00
https://LinchenZhang@bitbucket.org/aeaverification/aej-applied-10.1257-app.20160232.git,2019-06-26T19:18:26.917635+00:00
https://LinchenZhang@bitbucket.org/aeaverification/aej-policy-10.1257-pol.20160384.git,2019-06-21T21:34:00.631751+00:00
https://LinchenZhang@bitbucket.org/aeaverification/aejapp-2.git,2019-06-20T22:59:11.275985+00:00
https://LinchenZhang@bitbucket.org/aeaverification/aej-applied-10.1257-app.20170453.git,2019-06-22T18:15:38.143786+00:00
https://LinchenZhang@bitbucket.org/aeaverification/aej-policy-10.1257-pol.20160395.git,2019-06-26T13:53:58.980243+00:00
https://LinchenZhang@bitbucket.org/aeaverification/aej-applied-10.1257-app.20170080.git,2019-06-25T15:48:30.531438+00:00
https://LinchenZhang@bitbucket.org/aeaverification/aej-policy-10.1257-pol.20130271.git,2019-06-25T18:28:41.957219+00:00
https://LinchenZhang@bitbucket.org/aeaverification/aej-policy-10.1257-pol.20170466.git,2019-06-24T18:42:52.607198+00:00
https://LinchenZhang@bitbucket.org/aeaverification/aejpolicy-4.git,2019-06-27T19:57:34.103644+00:00
https://LinchenZhang@bitbucket.org/aeaverification/aej-micro-10.1257-mic.20160309.git,2019-06-25T19:56:08.137082+00:00
https://LinchenZhang@bitbucket.org/aeaverification/aej-micro-10.1257-mic.20160336.git,2019-06-25T18:45:18.020217+00:00
https://LinchenZhang@bitbucket.org/aeaverification/aej-policy-10.1257-pol.20130327.git,2019-06-25T19:24:04.093689+00:00
https://LinchenZhang@bitbucket.org/aeaverification/aej-policy-10.1257-pol.20140383.git,2019-06-25T19:40:54.690414+00:00
https://LinchenZhang@bitbucket.org/aeaverification/aej-policy-10.1257-pol.20150168.git,2019-06-25T20:04:32.563071+00:00
https://LinchenZhang@bitbucket.org/aeaverification/aej-macro-10.1257-mac.20140103.git,2019-06-25T22:23:23.459579+00:00
https://LinchenZhang@bitbucket.org/aeaverification/aej-micro-10.1257-mic.20140200.git,2019-06-26T03:26:00.556689+00:00
https://LinchenZhang@bitbucket.org/aeaverification/aej-policy-10.1257-pol.20150161.git,2019-06-26T09:15:52.547182+00:00
https://LinchenZhang@bitbucket.org/aeaverification/aej-policy-10.1257-pol.20150523.git,2019-06-26T13:42:31.139021+00:00
https://LinchenZhang@bitbucket.org/aeaverification/aej-micro-10.1257-mic.20150178.git,2019-06-26T17:53:30.179279+00:00
https://LinchenZhang@bitbucket.org/aeaverification/aej-policy-10.1257-pol.20130370.git,2019-06-26T16:12:52.954304+00:00
https://LinchenZhang@bitbucket.org/aeaverification/aej-macro-10.1257-mac.20170367.git,2019-06-29T21:41:14.426004+00:00
https://LinchenZhang@bitbucket.org/aeaverification/aej-app-10.1257-app.20160469.git,2019-06-26T17:55:53.389847+00:00
https://LinchenZhang@bitbucket.org/aeaverification/aej-mic-10.1257-mic.20150256.git,2019-06-26T18:04:09.961638+00:00
https://LinchenZhang@bitbucket.org/aeaverification/aej-policy-10.1257-pol.20160365.git,2019-06-27T16:11:51.365447+00:00
https://LinchenZhang@bitbucket.org/aeaverification/aej-policy-10.1257-pol.20150145.git,2019-06-28T18:56:48.190026+00:00
https://LinchenZhang@bitbucket.org/aeaverification/aej-micro-10.1257-mic.20160304.git,2019-06-28T19:17:38.408545+00:00
https://LinchenZhang@bitbucket.org/aeaverification/aej-micro-10.1257-mic.20160220.git,2019-06-30T19:00:59.543915+00:00
